acaChl	57068	Acanthisitta chloris	2014-06-04 10:23:03	vertebrates_other/Acanthisitta_chloris/ASM69581v1/ASSEMBLY_INFO
acrEch	103372	Acromyrmex echinatior	2014-06-16 12:06:09	invertebrates/Acromyrmex_echinatior/Aech_3.9/ASSEMBLY_INFO
acyPis	7029	Acyrthosiphon pisum	2014-06-16 12:06:09	invertebrates/Acyrthosiphon_pisum/Acyr_2.0/ASSEMBLY_INFO
adiVag	104782	Adineta vaga	2014-06-16 12:06:09	invertebrates/Adineta_vaga/AMS_PRJEB1171_v1/ASSEMBLY_INFO
agrPla	224129	Agrilus planipennis	2014-06-16 12:06:09	invertebrates/Agrilus_planipennis/Apla_1.0/ASSEMBLY_INFO
ailMel	9646	Ailuropoda melanoleuca	2012-11-14 10:16:12	vertebrates_mammals/Ailuropoda_melanoleuca/AilMel_1.0/ASSEMBLY_INFO
allMis	8496	Alligator mississippiensis	2012-11-14 10:16:19	vertebrates_other/Alligator_mississippiensis/allMis0.2/ASSEMBLY_INFO
allSin	38654	Alligator sinensis	2013-09-02 10:23:02	vertebrates_other/Alligator_sinensis/ASM45574v1/ASSEMBLY_INFO
amaVit	241585	Amazona vittata	2013-02-21 23:30:07	vertebrates_other/Amazona_vittata/AV1/ASSEMBLY_INFO
ampQue	400682	Amphimedon queenslandica	2014-06-16 12:06:09	invertebrates/Amphimedon_queenslandica/v1.0/ASSEMBLY_INFO
anaPla	8839	Anas platyrhynchos	2013-06-08 13:19:06	vertebrates_other/Anas_platyrhynchos/BGI_duck_1.0/ASSEMBLY_INFO
angJap	7937	Anguilla japonica	2014-03-19 10:23:03	vertebrates_other/Anguilla_japonica/japanese_eel_genome_v1_25_oct_2011_japonica_c401b400k25m200_sspacepremiumk3a02n24_extra.final.scaffolds/ASSEMBLY_INFO
anoAlb	7167	Anopheles albimanus	2014-06-16 12:06:09	invertebrates/Anopheles_albimanus/Anop_albi_ALBI9_A_V1/ASSEMBLY_INFO
anoAra	7173	Anopheles arabiensis	2014-06-16 12:06:09	invertebrates/Anopheles_arabiensis/Anop_arab_DONG5_A_V1/ASSEMBLY_INFO
anoAtr	41427	Anopheles atroparvus	2014-06-16 12:06:09	invertebrates/Anopheles_atroparvus/Anop_atro_EBRO_V1/ASSEMBLY_INFO
anoCar	28377	Anolis carolinensis	2012-11-14 10:16:19	vertebrates_other/Anolis_carolinensis/AnoCar2.0/ASSEMBLY_INFO
anoCar	28377	Anolis carolinensis	2012-11-14 10:16:19	vertebrates_other/Anolis_carolinensis/AnoCar2.0/ASSEMBLY_INFO.18Mar2011
anoChr	43041	Anopheles christyi	2014-06-16 12:06:09	invertebrates/Anopheles_christyi/Anop_chri_ACHKN1017_V1/ASSEMBLY_INFO
anoCul	139723	Anopheles culicifacies	2014-06-16 12:06:09	invertebrates/Anopheles_culicifacies/Anop_culi_species_A-37_1_V1/ASSEMBLY_INFO
anoDir	7168	Anopheles dirus	2014-06-16 12:06:09	invertebrates/Anopheles_dirus/Anop_diru_WRAIR2_V1/ASSEMBLY_INFO
anoEpi	199890	Anopheles epiroticus	2014-06-16 12:06:09	invertebrates/Anopheles_epiroticus/Anop_epir_epiroticus2_V1/ASSEMBLY_INFO
anoFar	69004	Anopheles farauti	2014-06-16 12:06:09	invertebrates/Anopheles_farauti/Anop_fara_FAR1_V1/ASSEMBLY_INFO
anoFar	69004	Anopheles farauti	2014-06-16 12:06:09	invertebrates/Anopheles_farauti/Anop_fara_FAR1_V2/ASSEMBLY_INFO
anoFun	62324	Anopheles funestus	2014-06-16 12:06:09	invertebrates/Anopheles_funestus/Anop_fune_FUMOZ_V1/ASSEMBLY_INFO
anoGla	217634	Anoplophora glabripennis	2014-06-16 12:06:09	invertebrates/Anoplophora_glabripennis/Agla_1.0/ASSEMBLY_INFO
anoMac	74869	Anopheles maculatus	2014-06-16 12:06:09	invertebrates/Anopheles_maculatus/Anop_macu_maculatus3_V1/ASSEMBLY_INFO
anoMel	34690	Anopheles melas	2014-06-16 12:06:09	invertebrates/Anopheles_melas/Anop_mela_CM1001059_A_V1/ASSEMBLY_INFO
anoMel	34690	Anopheles melas	2014-06-16 12:06:09	invertebrates/Anopheles_melas/Anop_mela_CM1001059_A_V2/ASSEMBLY_INFO
anoMer	30066	Anopheles merus	2014-06-16 12:06:09	invertebrates/Anopheles_merus/Anop_meru_MAF_V1/ASSEMBLY_INFO
anoMer	30066	Anopheles merus	2014-06-16 12:06:09	invertebrates/Anopheles_merus/Anop_meru_MERU1_A_V1/ASSEMBLY_INFO
anoMin	112268	Anopheles minimus	2014-06-16 12:06:09	invertebrates/Anopheles_minimus/Anop_mini_MINIMUS1_V1/ASSEMBLY_INFO
anoQua	34691	Anopheles quadriannulatus	2014-06-16 12:06:09	invertebrates/Anopheles_quadriannulatus/Anop_quad_QUAD4_A_V1/ASSEMBLY_INFO
anoSin	74873	Anopheles sinensis	2014-06-16 12:06:09	invertebrates/Anopheles_sinensis/AS2/ASSEMBLY_INFO
anoSin	74873	Anopheles sinensis	2014-06-16 12:06:09	invertebrates/Anopheles_sinensis/Anop_sine_SINENSIS_G_V1/ASSEMBLY_INFO
anoSin	74873	Anopheles sinensis	2014-06-16 12:06:09	invertebrates/Anopheles_sinensis/Anop_sine_SINENSIS_V1/ASSEMBLY_INFO
anoSte	30069	Anopheles stephensi	2014-06-16 12:06:09	invertebrates/Anopheles_stephensi/ASM30077v2/ASSEMBLY_INFO
anoSte	30069	Anopheles stephensi	2014-06-16 12:06:09	invertebrates/Anopheles_stephensi/Anop_step_SDA-500_V1/ASSEMBLY_INFO
apaSpi	55534	Apalone spinifera	2013-06-08 13:19:06	vertebrates_other/Apalone_spinifera/ASM38561v1/ASSEMBLY_INFO
apaVit	57397	Apaloderma vittatum	2014-06-18 10:23:16	vertebrates_other/Apaloderma_vittatum/ASM70340v1/ASSEMBLY_INFO
apiDor	7462	Apis dorsata	2014-06-16 12:06:09	invertebrates/Apis_dorsata/Apis_dorsata_1.3/ASSEMBLY_INFO
apiFlo	7463	Apis florea	2014-06-16 12:06:09	invertebrates/Apis_florea/Aflo_1.0/ASSEMBLY_INFO
apiMel	7460	Apis mellifera	2014-06-16 12:06:09	invertebrates/Apis_mellifera/Amel_4.5/ASSEMBLY_INFO
aplCal	6500	Aplysia californica	2014-06-16 12:06:09	invertebrates/Aplysia_californica/AplCal3.0/ASSEMBLY_INFO
aplCal	6500	Aplysia californica	2014-06-16 12:06:09	invertebrates/Aplysia_californica/Aplcal2.0/ASSEMBLY_INFO
aptFor	9233	Aptenodytes forsteri	2014-06-09 10:23:03	vertebrates_other/Aptenodytes_forsteri/ASM69914v1/ASSEMBLY_INFO
aquChr	216574	Aquila chrysaetos canadensis	2014-06-04 10:23:03	vertebrates_other/Aquila_chrysaetos/AquilaChrysaetos1/ASSEMBLY_INFO
araMac	176014	Ara macao	2013-07-14 16:35:24	vertebrates_other/Ara_macao/SMACv1.1/ASSEMBLY_INFO
ascSuu	6253	Ascaris suum	2014-06-16 12:06:09	invertebrates/Ascaris_suum/AS1.0/ASSEMBLY_INFO
ascSuu	6253	Ascaris suum	2014-06-16 12:06:09	invertebrates/Ascaris_suum/AscSuum_1.0/ASSEMBLY_INFO
astMex	7994	Astyanax mexicanus	2013-04-28 10:38:58	vertebrates_other/Astyanax_mexicanus/ASM37268v1/ASSEMBLY_INFO
astMex	7994	Astyanax mexicanus	2013-06-08 13:19:06	vertebrates_other/Astyanax_mexicanus/Astyanax_mexicanus-1.0.2/ASSEMBLY_INFO
athRos	37344	Athalia rosae	2014-06-16 12:06:09	invertebrates/Athalia_rosae/Aros_1.0/ASSEMBLY_INFO
attCep	12957	Atta cephalotes	2014-06-16 12:06:09	invertebrates/Atta_cephalotes/Attacep1.0/ASSEMBLY_INFO
balAcu	310752	Balaenoptera acutorostrata scammoni	2013-11-07 10:23:06	vertebrates_mammals/Balaenoptera_acutorostrata/BalAcu1.0/ASSEMBLY_INFO
balPav	100784	Balearica pavonina gibbericeps	2014-06-25 10:23:03	vertebrates_other/Balearica_pavonina/ASM70989v1/ASSEMBLY_INFO
bioGla	6526	Biomphalaria glabrata	2014-06-16 12:06:09	invertebrates/Biomphalaria_glabrata/ASM45736v1/ASSEMBLY_INFO
bomImp	132113	Bombus impatiens	2014-06-16 12:06:09	invertebrates/Bombus_impatiens/BIMP_1.0/ASSEMBLY_INFO
bomImp	132113	Bombus impatiens	2014-06-16 12:06:09	invertebrates/Bombus_impatiens/BIMP_2.0/ASSEMBLY_INFO
bomTer	30195	Bombus terrestris	2014-06-16 12:06:09	invertebrates/Bombus_terrestris/Bter_1.0/ASSEMBLY_INFO
bosMut	72004	Bos grunniens mutus	2013-02-03 21:08:08	vertebrates_mammals/Bos_grunniens/BosGru_v2.0/ASSEMBLY_INFO
bosTau	9913	Bos taurus	2012-11-14 10:16:12	vertebrates_mammals/Bos_taurus/Bos_taurus_UMD_3.1/ASSEMBLY_INFO
bosTau	9913	Bos taurus	2012-11-14 10:16:12	vertebrates_mammals/Bos_taurus/Btau_4.2/ASSEMBLY_INFO
bosTau	9913	Bos taurus	2012-11-14 10:16:12	vertebrates_mammals/Bos_taurus/Btau_4.6.1/ASSEMBLY_INFO
bosTau	9913	Bos taurus	2012-11-14 10:16:13	vertebrates_mammals/Bos_taurus/Btau_4.6/ASSEMBLY_INFO
bosTau	9913	Bos taurus	2012-11-14 10:16:13	vertebrates_mammals/Bos_taurus/Btau_ChrY_1.0/ASSEMBLY_INFO
bosTau	9913	Bos taurus	2012-11-14 10:16:13	vertebrates_mammals/Bos_taurus/UMD_Bos_taurus_2.0/ASSEMBLY_INFO
bosTau	9913	Bos taurus	2012-11-14 10:16:13	vertebrates_mammals/Bos_taurus/UMD_Bos_taurus_3.0/ASSEMBLY_INFO
bosTau	9913	Bos taurus	2014-07-02 10:23:29	vertebrates_mammals/Bos_taurus/Bos_taurus_UMD_3.1.1/ASSEMBLY_INFO
botSch	30301	Botryllus schlosseri	2014-06-16 12:06:09	invertebrates/Botryllus_schlosseri/356a-chromosome-assembly/ASSEMBLY_INFO
braFlo	7739	Branchiostoma floridae	2014-06-16 12:06:09	invertebrates/Branchiostoma_floridae/Version_2/ASSEMBLY_INFO
bruMal	6279	Brugia malayi	2014-06-16 12:06:09	invertebrates/Brugia_malayi/ASM299v2/ASSEMBLY_INFO
bubBub	89462	Bubalus bubalis	2013-10-22 10:23:06	vertebrates_mammals/Bubalus_bubalis/UMD_CASPUR_WB_2.0/ASSEMBLY_INFO
bucRhi	175836	Buceros rhinoceros silvestris	2014-07-03 10:23:15	vertebrates_other/Buceros_rhinoceros/ASM71030v1/ASSEMBLY_INFO
caeAng	860376	Caenorhabditis angaria	2014-06-16 12:06:09	invertebrates/Caenorhabditis_angaria/ps1010rel4/ASSEMBLY_INFO
caeAng	96668	Caenorhabditis sp. PS1010	2014-06-16 12:06:09	invertebrates/Caenorhabditis_angaria/ps1010rel4/ASSEMBLY_INFO.01Nov2010
caeBre	135651	Caenorhabditis brenneri	2014-06-16 12:06:09	invertebrates/Caenorhabditis_brenneri/C_brenneri-6.0.1/ASSEMBLY_INFO
caeBre	135651	Caenorhabditis brenneri	2014-06-16 12:06:09	invertebrates/Caenorhabditis_brenneri/C_brenneri-6.0.1b/ASSEMBLY_INFO
caeBri	473542	Caenorhabditis briggsae AF16	2014-06-16 12:06:09	invertebrates/Caenorhabditis_briggsae/Cb3/ASSEMBLY_INFO
caeEle	6239	Caenorhabditis elegans	2014-06-16 12:06:09	invertebrates/Caenorhabditis_elegans/WBcel215/ASSEMBLY_INFO
caeEle	6239	Caenorhabditis elegans	2014-06-16 12:06:09	invertebrates/Caenorhabditis_elegans/WBcel235/ASSEMBLY_INFO
caeJap	281687	Caenorhabditis japonica	2014-06-16 12:06:09	invertebrates/Caenorhabditis_japonica/C_japonica-7.0.1/ASSEMBLY_INFO
caeSp	886184	Caenorhabditis sp. 11 MAF-2010	2014-06-16 12:06:09	invertebrates/Caenorhabditis_sp_11_MAF_2010/Caenorhabditis_sp11_JU1373-3.0.1/ASSEMBLY_INFO
calAnn	9244	Calypte anna	2014-06-09 10:23:03	vertebrates_other/Calypte_anna/ASM69908v1/ASSEMBLY_INFO
calJac	9483	Callithrix jacchus	2012-11-14 10:16:13	vertebrates_mammals/Callithrix_jacchus/Callithrix_jacchus-3.2/ASSEMBLY_INFO
calMil	7868	Callorhinchus milii	2013-12-12 10:23:02	vertebrates_other/Callorhinchus_milii/Callorhinchus_milii-6.1.3/ASSEMBLY_INFO
camFer	419612	Camelus ferus	2013-08-15 10:23:11	vertebrates_mammals/Camelus_ferus/CB1/ASSEMBLY_INFO
camFer	419612	Camelus ferus	2013-08-15 10:23:11	vertebrates_mammals/Camelus_ferus/CB1_old/ASSEMBLY_INFO
camFlo	104421	Camponotus floridanus	2014-06-16 12:06:09	invertebrates/Camponotus_floridanus/CamFlo_1.0/ASSEMBLY_INFO
canFam	9615	Canis lupus familiaris	2012-11-14 10:16:13	vertebrates_mammals/Canis_lupus/CanFam3.1/ASSEMBLY_INFO
capCar	279965	Caprimulgus carolinensis	2014-06-11 10:23:03	vertebrates_other/Caprimulgus_carolinensis/ASM70074v1/ASSEMBLY_INFO
capHir	9925	Capra hircus	2013-02-03 21:08:09	vertebrates_mammals/Capra_hircus/CHIR_1.0/ASSEMBLY_INFO
capOwc	595528	Capsaspora owczarzaki ATCC 30864	2014-06-16 12:06:09	invertebrates/Capsaspora_owczarzaki/C_owczarzaki_V2/ASSEMBLY_INFO
capTel	283909	Capitella teleta	2014-06-16 12:06:09	invertebrates/Capitella_teleta/Capca1/ASSEMBLY_INFO
carCri	54380	Cariama cristata	2014-06-04 10:23:03	vertebrates_other/Cariama_cristata/ASM69053v1/ASSEMBLY_INFO
cavPor	10141	Cavia porcellus	2012-11-14 10:16:14	vertebrates_mammals/Cavia_porcellus/Cavpor3.0/ASSEMBLY_INFO
cerBir	443821	Cerapachys biroi	2014-06-16 12:06:09	invertebrates/Cerapachys_biroi/CerBir1.0/ASSEMBLY_INFO
cerCap	7213	Ceratitis capitata	2014-06-16 12:06:09	invertebrates/Ceratitis_capitata/Ccap_1.0/ASSEMBLY_INFO
cerSim	73337	Ceratotherium simum simum	2012-11-14 10:16:14	vertebrates_mammals/Ceratotherium_simum/CerSimSim1.0/ASSEMBLY_INFO
cerSol	326594	Ceratosolen solmsi marchali	2014-06-16 12:06:09	invertebrates/Ceratosolen_solmsi/CerSol_1.0/ASSEMBLY_INFO
chaVoc	50402	Charadrius vociferus	2014-06-17 10:23:06	vertebrates_other/Charadrius_vociferus/ASM70802v1/ASSEMBLY_INFO
chaVoc	50402	Charadrius vociferus	2014-08-06 10:23:12	vertebrates_other/Charadrius_vociferus/ASM70802v2/ASSEMBLY_INFO
cheMyd	8469	Chelonia mydas	2013-03-21 11:19:24	vertebrates_other/Chelonia_mydas/CheMyd_1.0/ASSEMBLY_INFO
chiLan	34839	Chinchilla lanigera	2012-11-14 10:16:14	vertebrates_mammals/Chinchilla_lanigera/ChiLan1.0/ASSEMBLY_INFO
chlSab	60711	Chlorocebus sabaeus	2013-07-14 16:35:15	vertebrates_mammals/Chlorocebus_sabaeus/Chlorocebus_sabeus_1.0/ASSEMBLY_INFO
chlSab	60711	Chlorocebus sabaeus	2014-03-27 10:23:16	vertebrates_mammals/Chlorocebus_sabaeus/Chlorocebus_sabeus_1.1/ASSEMBLY_INFO
chlUnd	187382	Chlamydotis undulata macqueenii	2014-06-04 10:23:03	vertebrates_other/Chlamydotis_undulata/ASM69519v1/ASSEMBLY_INFO
chrAsi	185453	Chrysochloris asiatica	2012-11-14 10:16:14	vertebrates_mammals/Chrysochloris_asiatica/ChrAsi1.0/ASSEMBLY_INFO
chrPic	8478	Chrysemys picta bellii	2012-11-14 10:16:19	vertebrates_other/Chrysemys_picta/Chrysemys_picta_bellii-3.0.1/ASSEMBLY_INFO
chrPic	8478	Chrysemys picta bellii	2014-04-02 10:23:14	vertebrates_other/Chrysemys_picta/Chrysemys_picta_bellii-3.0.3/ASSEMBLY_INFO
cimLec	79782	Cimex lectularius	2014-06-16 12:06:09	invertebrates/Cimex_lectularius/Clec_1.0/ASSEMBLY_INFO
cioInt	7719	Ciona intestinalis	2014-06-16 12:06:09	invertebrates/Ciona_intestinalis/KH/ASSEMBLY_INFO
cloSin	79923	Clonorchis sinensis	2014-06-16 12:06:09	invertebrates/Clonorchis_sinensis/C_sinensis-2.0/ASSEMBLY_INFO
colLiv	8932	Columba livia	2013-02-21 23:30:07	vertebrates_other/Columba_livia/Cliv_1.0/ASSEMBLY_INFO
colStr	57412	Colius striatus	2014-06-04 10:23:03	vertebrates_other/Colius_striatus/ASM69071v1/ASSEMBLY_INFO
conCri	143302	Condylura cristata	2012-11-14 10:16:14	vertebrates_mammals/Condylura_cristata/ConCri1.0/ASSEMBLY_INFO
copFlo	29053	Copidosoma floridanum	2014-06-16 12:06:09	invertebrates/Copidosoma_floridanum/Cflo_1.0/ASSEMBLY_INFO
corBra	85066	Corvus brachyrhynchos	2014-06-04 10:23:03	vertebrates_other/Corvus_brachyrhynchos/ASM69197v1/ASSEMBLY_INFO
corCor	932674	Corvus cornix cornix	2014-08-13 10:23:05	vertebrates_other/Corvus_cornix/Hooded_Crow_genome/ASSEMBLY_INFO
cotJap	93934	Coturnix japonica	2013-12-23 10:23:03	vertebrates_other/Coturnix_japonica/Coja_1.0/ASSEMBLY_INFO
craGig	29159	Crassostrea gigas	2014-06-16 12:06:09	invertebrates/Crassostrea_gigas/oyster_v9/ASSEMBLY_INFO
criGri	10029	Cricetulus griseus	2012-11-14 10:16:14	vertebrates_mammals/Cricetulus_griseus/CriGri_1.0/ASSEMBLY_INFO
criGri	10029	Cricetulus griseus	2013-07-31 16:27:38	vertebrates_mammals/Cricetulus_griseus/C_griseus_v1.0/ASSEMBLY_INFO
criGri	10029	Cricetulus griseus	2013-09-03 10:23:25	vertebrates_mammals/Cricetulus_griseus/Cgr1.0/ASSEMBLY_INFO
cucCan	55661	Cuculus canorus	2014-06-18 10:23:16	vertebrates_other/Cuculus_canorus/ASM70932v1/ASSEMBLY_INFO
cynSem	244447	Cynoglossus semilaevis	2014-02-03 10:23:03	vertebrates_other/Cynoglossus_semilaevis/Cse_v1.0/ASSEMBLY_INFO
cypVar	28743	Cyprinodon variegatus	2014-07-24 10:23:12	vertebrates_other/Cyprinodon_variegatus/C_variegatus-1.0/ASSEMBLY_INFO
danPle	13037	Danaus plexippus	2014-06-16 12:06:09	invertebrates/Danaus_plexippus/DanPle_1.0/ASSEMBLY_INFO
danRer	7955	Danio rerio	2012-11-14 10:16:19	vertebrates_other/Danio_rerio/Zv9/ASSEMBLY_INFO
dapPul	6669	Daphnia pulex	2014-06-16 12:06:09	invertebrates/Daphnia_pulex/V1.0/ASSEMBLY_INFO
dasNov	9361	Dasypus novemcinctus	2012-11-14 10:16:14	vertebrates_mammals/Dasypus_novemcinctus/Dasnov3.0/ASSEMBLY_INFO
denPon	77166	Dendroctonus ponderosae	2014-06-16 12:06:09	invertebrates/Dendroctonus_ponderosae/DendPond_female_1.0/ASSEMBLY_INFO
denPon	77166	Dendroctonus ponderosae	2014-06-16 12:06:09	invertebrates/Dendroctonus_ponderosae/DendPond_female_1.0_old/ASSEMBLY_INFO
denPon	77166	Dendroctonus ponderosae	2014-06-16 12:06:09	invertebrates/Dendroctonus_ponderosae/DendPond_male_1.0/ASSEMBLY_INFO
diaCit	121845	Diaphorina citri	2014-06-16 12:06:09	invertebrates/Diaphorina_citri/Diaci_psyllid_genome_assembly_version_1.1/ASSEMBLY_INFO
dicLab	13489	Dicentrarchus labrax	2014-06-04 10:23:03	vertebrates_other/Dicentrarchus_labrax/seabass_V1.0/ASSEMBLY_INFO
droAlb	7291	Drosophila albomicans	2014-06-16 12:06:09	invertebrates/Drosophila_albomicans/DroAlb_1.0/ASSEMBLY_INFO
droBia	125945	Drosophila biarmipes	2014-06-16 12:06:09	invertebrates/Drosophila_biarmipes/Dbia_1.0/ASSEMBLY_INFO
droBia	125945	Drosophila biarmipes	2014-06-16 12:06:09	invertebrates/Drosophila_biarmipes/Dbia_2.0/ASSEMBLY_INFO
droBip	42026	Drosophila bipectinata	2014-06-16 12:06:09	invertebrates/Drosophila_bipectinata/Dbip_1.0/ASSEMBLY_INFO
droBip	42026	Drosophila bipectinata	2014-06-16 12:06:09	invertebrates/Drosophila_bipectinata/Dbip_2.0/ASSEMBLY_INFO
droEle	30023	Drosophila elegans	2014-06-16 12:06:09	invertebrates/Drosophila_elegans/Dele_1.0/ASSEMBLY_INFO
droEle	30023	Drosophila elegans	2014-06-16 12:06:09	invertebrates/Drosophila_elegans/Dele_2.0/ASSEMBLY_INFO
droEug	29029	Drosophila eugracilis	2014-06-16 12:06:09	invertebrates/Drosophila_eugracilis/Deug_1.0/ASSEMBLY_INFO
droEug	29029	Drosophila eugracilis	2014-06-16 12:06:09	invertebrates/Drosophila_eugracilis/Deug_2.0/ASSEMBLY_INFO
droFic	30025	Drosophila ficusphila	2014-06-16 12:06:09	invertebrates/Drosophila_ficusphila/Dfic_1.0/ASSEMBLY_INFO
droFic	30025	Drosophila ficusphila	2014-06-16 12:06:09	invertebrates/Drosophila_ficusphila/Dfic_2.0/ASSEMBLY_INFO
droKik	30033	Drosophila kikkawai	2014-06-16 12:06:09	invertebrates/Drosophila_kikkawai/Dkik_1.0/ASSEMBLY_INFO
droKik	30033	Drosophila kikkawai	2014-06-16 12:06:09	invertebrates/Drosophila_kikkawai/Dkik_2.0/ASSEMBLY_INFO
droMir	7229	Drosophila miranda	2014-06-16 12:06:09	invertebrates/Drosophila_miranda/DroMir_1.0/ASSEMBLY_INFO
droMir	7229	Drosophila miranda	2014-06-16 12:06:09	invertebrates/Drosophila_miranda/DroMir_2.2/ASSEMBLY_INFO
droPse	46245	Drosophila pseudoobscura pseudoobscura	2014-06-16 12:06:09	invertebrates/Drosophila_pseudoobscura/Dpse_2.0/ASSEMBLY_INFO
droPse	46245	Drosophila pseudoobscura pseudoobscura	2014-06-16 12:06:09	invertebrates/Drosophila_pseudoobscura/Dpse_3.0/ASSEMBLY_INFO
droRho	1041015	Drosophila rhopaloa	2014-06-16 12:06:09	invertebrates/Drosophila_rhopaloa/Drho_1.0/ASSEMBLY_INFO
droRho	1041015	Drosophila rhopaloa	2014-06-16 12:06:09	invertebrates/Drosophila_rhopaloa/Drho_2.0/ASSEMBLY_INFO
droSuz	28584	Drosophila suzukii	2014-06-16 12:06:09	invertebrates/Drosophila_suzukii/Dsuzukii.v01/ASSEMBLY_INFO
droTak	29030	Drosophila takahashii	2014-06-16 12:06:09	invertebrates/Drosophila_takahashii/Dtak_1.0/ASSEMBLY_INFO
droTak	29030	Drosophila takahashii	2014-06-16 12:06:09	invertebrates/Drosophila_takahashii/Dtak_2.0/ASSEMBLY_INFO
droWil	7260	Drosophila willistoni	2014-06-16 12:06:09	invertebrates/Drosophila_willistoni/dwil_caf1/ASSEMBLY_INFO
droYak	7245	Drosophila yakuba	2014-06-16 12:06:09	invertebrates/Drosophila_yakuba/dyak_caf1/ASSEMBLY_INFO
echGra	6210	Echinococcus granulosus	2014-06-16 12:06:09	invertebrates/Echinococcus_granulosus/EGRAN001/ASSEMBLY_INFO
echMul	6211	Echinococcus multilocularis	2014-06-16 12:06:09	invertebrates/Echinococcus_multilocularis/EMULTI001/ASSEMBLY_INFO
echTel	9371	Echinops telfairi	2012-12-13 16:22:44	vertebrates_mammals/Echinops_telfairi/EchTel2.0/ASSEMBLY_INFO
egrGar	188379	Egretta garzetta	2014-06-04 10:23:03	vertebrates_other/Egretta_garzetta/ASM68718v1/ASSEMBLY_INFO
eidHel	77214	Eidolon helvum	2013-09-23 10:23:12	vertebrates_mammals/Eidolon_helvum/ASM46528v1/ASSEMBLY_INFO
elaEla	1147741	Elaeophora elaphi	2014-06-16 12:06:09	invertebrates/Elaeophora_elaphi/EEL001/ASSEMBLY_INFO
eleEdw	28737	Elephantulus edwardii	2012-11-14 10:16:14	vertebrates_mammals/Elephantulus_edwardii/EleEdw1.0/ASSEMBLY_INFO
ephDan	1049336	Ephemera danica	2014-06-16 12:06:09	invertebrates/Ephemera_danica/Edan_1.0/ASSEMBLY_INFO
eptFus	29078	Eptesicus fuscus	2012-11-14 10:16:14	vertebrates_mammals/Eptesicus_fuscus/EptFus1.0/ASSEMBLY_INFO
equCab	9796	Equus caballus	2014-06-09 10:23:06	vertebrates_mammals/Equus_caballus/Ajinai1.0/ASSEMBLY_INFO
equPrz	9798	Equus przewalskii	2014-06-09 10:23:06	vertebrates_mammals/Equus_przewalskii/Burgud/ASSEMBLY_INFO
eriEur	9365	Erinaceus europaeus	2012-11-14 10:16:15	vertebrates_mammals/Erinaceus_europaeus/EriEur2.0/ASSEMBLY_INFO
esoLuc	8010	Esox lucius	2014-07-10 10:23:09	vertebrates_other/Esox_lucius/EsoLuc1.0/ASSEMBLY_INFO
eurAff	88015	Eurytemora affinis	2014-06-16 12:06:09	invertebrates/Eurytemora_affinis/Eaff_1.0/ASSEMBLY_INFO
eurHel	54383	Eurypyga helias	2014-06-04 10:23:03	vertebrates_other/Eurypyga_helias/ASM69077v1/ASSEMBLY_INFO
falChe	345164	Falco cherrug	2013-02-21 23:30:07	vertebrates_other/Falco_cherrug/F_cherrug_v1.0/ASSEMBLY_INFO
falPer	8954	Falco peregrinus	2013-02-21 23:30:07	vertebrates_other/Falco_peregrinus/F_peregrinus_v1.0/ASSEMBLY_INFO
felCat	9685	Felis catus	2012-11-14 10:16:15	vertebrates_mammals/Felis_catus/Felis_catus-6.2/ASSEMBLY_INFO
felCat	9685	Felis catus	2012-11-14 10:16:15	vertebrates_mammals/Felis_catus/catChrV17e/ASSEMBLY_INFO
felCat	9685	Felis catus	2012-11-14 10:16:15	vertebrates_mammals/Felis_catus/catChrV17e/ASSEMBLY_INFO.29May2009
ficAlb	59894	Ficedula albicollis	2012-12-13 16:22:47	vertebrates_other/Ficedula_albicollis/FicAlb_1.4/ASSEMBLY_INFO
ficAlb	59894	Ficedula albicollis	2013-07-14 16:35:24	vertebrates_other/Ficedula_albicollis/FicAlb1.5/ASSEMBLY_INFO
fonAlb	691883	Fonticula alba	2014-06-16 12:06:09	invertebrates/Fonticula_alba/Font_alba_ATCC_38817_V2/ASSEMBLY_INFO
fonAlb	691883	Fonticula alba	2014-06-16 12:06:09	invertebrates/Fonticula_alba/Font_alba_ATCC_38817_V2_old/ASSEMBLY_INFO
fraOcc	133901	Frankliniella occidentalis	2014-06-16 12:06:09	invertebrates/Frankliniella_occidentalis/Focc_1.0/ASSEMBLY_INFO
fulGla	30455	Fulmarus glacialis	2014-06-04 10:23:03	vertebrates_other/Fulmarus_glacialis/ASM69083v1/ASSEMBLY_INFO
gadMor	8049	Gadus morhua	2012-11-14 10:16:19	vertebrates_other/Gadus_morhua/GadMor_May2010/ASSEMBLY_INFO
galGal	9031	Gallus gallus	2012-11-14 10:16:19	vertebrates_other/Gallus_gallus/Gallus_gallus-4.0/ASSEMBLY_INFO
galVar	482537	Galeopterus variegatus	2014-06-09 10:23:06	vertebrates_mammals/Galeopterus_variegatus/G_variegatus-3.0.2/ASSEMBLY_INFO
gavSte	37040	Gavia stellata	2014-06-04 10:23:03	vertebrates_other/Gavia_stellata/ASM69087v1/ASSEMBLY_INFO
geoFor	48883	Geospiza fortis	2012-11-14 10:16:19	vertebrates_other/Geospiza_fortis/GeoFor_1.0/ASSEMBLY_INFO
gloAus	7395	Glossina austeni	2014-06-16 12:06:09	invertebrates/Glossina_austeni/Glossina_austeni-1.0.3/ASSEMBLY_INFO
gloBre	37001	Glossina brevipalpis	2014-06-16 12:06:09	invertebrates/Glossina_brevipalpis/Glossina_brevipalpis_1.0.3/ASSEMBLY_INFO
gloFus	201502	Glossina fuscipes fuscipes	2014-06-16 12:06:09	invertebrates/Glossina_fuscipes/Glossina_fuscipes-3.0.2/ASSEMBLY_INFO
gloPal	7398	Glossina pallidipes	2014-06-16 12:06:09	invertebrates/Glossina_pallidipes/Glossina_pallidipes-1.0.3/ASSEMBLY_INFO
gorGor	9595	Gorilla gorilla gorilla	2012-11-14 10:16:17	vertebrates_mammals/Gorilla_gorilla/gorGor3.1/ASSEMBLY_INFO
haeCon	6289	Haemonchus contortus	2014-06-16 12:06:09	invertebrates/Haemonchus_contortus/HCON/ASSEMBLY_INFO
haeCon	6289	Haemonchus contortus	2014-06-16 12:06:09	invertebrates/Haemonchus_contortus/Hco_v4_coding/ASSEMBLY_INFO
halAlb	8969	Haliaeetus albicilla	2014-06-04 10:23:03	vertebrates_other/Haliaeetus_albicilla/ASM69140v1/ASSEMBLY_INFO
halHal	286706	Halyomorpha halys	2014-06-16 12:06:09	invertebrates/Halyomorpha_halys/Hhal_1.0/ASSEMBLY_INFO
halLeu	52644	Haliaeetus leucocephalus	2014-08-05 10:23:05	vertebrates_other/Haliaeetus_leucocephalus/Haliaeetus_leucocephalus-4.0/ASSEMBLY_INFO
hapBur	8153	Haplochromis burtoni	2012-11-14 10:16:19	vertebrates_other/Haplochromis_burtoni/AstBur1.0/ASSEMBLY_INFO
harSal	610380	Harpegnathos saltator	2014-06-16 12:06:09	invertebrates/Harpegnathos_saltator/HarSal_1.0/ASSEMBLY_INFO
helMel	171917	Heliconius melpomene melpomene	2014-06-16 12:06:09	invertebrates/Heliconius_melpomene/ASM31383v2/ASSEMBLY_INFO
helRob	6412	Helobdella robusta	2014-06-16 12:06:09	invertebrates/Helobdella_robusta/Helobdella_robusta_v1.0/ASSEMBLY_INFO
hetBac	37862	Heterorhabditis bacteriophora	2014-06-16 12:06:09	invertebrates/Heterorhabditis_bacteriophora/Heterorhabditis_bacteriophora-7.0/ASSEMBLY_INFO
hetGla	10181	Heterocephalus glaber	2012-11-14 10:16:17	vertebrates_mammals/Heterocephalus_glaber/HetGla_1.0/ASSEMBLY_INFO
hetGla	10181	Heterocephalus glaber	2012-11-14 10:16:17	vertebrates_mammals/Heterocephalus_glaber/HetGla_female_1.0/ASSEMBLY_INFO
hg	9606	Homo sapiens	2012-11-14 10:16:17	vertebrates_mammals/Homo_sapiens/BGIAF/ASSEMBLY_INFO
hg	9606	Homo sapiens	2012-11-14 10:16:17	vertebrates_mammals/Homo_sapiens/CHM1_1.0/ASSEMBLY_INFO
hg	9606	Homo sapiens	2012-11-14 10:16:17	vertebrates_mammals/Homo_sapiens/GRCh37.p1/ASSEMBLY_INFO
hg	9606	Homo sapiens	2012-11-14 10:16:17	vertebrates_mammals/Homo_sapiens/GRCh37.p10/ASSEMBLY_INFO
hg	9606	Homo sapiens	2012-11-14 10:16:17	vertebrates_mammals/Homo_sapiens/GRCh37.p2/ASSEMBLY_INFO
hg	9606	Homo sapiens	2012-11-14 10:16:17	vertebrates_mammals/Homo_sapiens/GRCh37.p3/ASSEMBLY_INFO
hg	9606	Homo sapiens	2012-11-14 10:16:17	vertebrates_mammals/Homo_sapiens/GRCh37.p4/ASSEMBLY_INFO
hg	9606	Homo sapiens	2012-11-14 10:16:17	vertebrates_mammals/Homo_sapiens/GRCh37.p5/ASSEMBLY_INFO
hg	9606	Homo sapiens	2012-11-14 10:16:17	vertebrates_mammals/Homo_sapiens/GRCh37.p6/ASSEMBLY_INFO
hg	9606	Homo sapiens	2012-11-14 10:16:17	vertebrates_mammals/Homo_sapiens/GRCh37.p7/ASSEMBLY_INFO
hg	9606	Homo sapiens	2012-11-14 10:16:18	vertebrates_mammals/Homo_sapiens/GRCh37.p8/ASSEMBLY_INFO
hg	9606	Homo sapiens	2012-11-14 10:16:18	vertebrates_mammals/Homo_sapiens/GRCh37.p9/ASSEMBLY_INFO
hg	9606	Homo sapiens	2012-11-14 10:16:18	vertebrates_mammals/Homo_sapiens/GRCh37/ASSEMBLY_INFO
hg	9606	Homo sapiens	2012-11-14 10:16:18	vertebrates_mammals/Homo_sapiens/HsapALLPATHS1/ASSEMBLY_INFO
hg	9606	Homo sapiens	2012-11-14 10:16:18	vertebrates_mammals/Homo_sapiens/YH1/ASSEMBLY_INFO
hg	9606	Homo sapiens	2013-01-03 06:25:10	vertebrates_mammals/Homo_sapiens/GRCh37.p11/ASSEMBLY_INFO
hg	9606	Homo sapiens	2013-04-28 10:38:55	vertebrates_mammals/Homo_sapiens/GRCh37.p12/ASSEMBLY_INFO
hg	9606	Homo sapiens	2013-06-22 19:09:29	vertebrates_mammals/Homo_sapiens/CHM1_1.1/ASSEMBLY_INFO
hg	9606	Homo sapiens	2013-06-22 19:09:32	vertebrates_mammals/Homo_sapiens/YH_2.0/ASSEMBLY_INFO
hg	9606	Homo sapiens	2013-07-14 16:35:18	vertebrates_mammals/Homo_sapiens/GRCh37.p13/ASSEMBLY_INFO
hg	9606	Homo sapiens	2013-08-15 10:23:13	vertebrates_mammals/Homo_sapiens/RP11_1.0_unmatched_regions/ASSEMBLY_INFO
hg	9606	Homo sapiens	2013-12-24 10:23:06	vertebrates_mammals/Homo_sapiens/GRCh38/ASSEMBLY_INFO
hydMag	6085	Hydra magnipapillata	2014-06-16 12:06:09	invertebrates/Hydra_magnipapillata/Hydra_RP_1.0/ASSEMBLY_INFO
hydMag	6085	Hydra magnipapillata	2014-06-16 12:06:09	invertebrates/Hydra_magnipapillata/h7/ASSEMBLY_INFO
hymMic	85433	Hymenolepis microstoma	2014-06-16 12:06:09	invertebrates/Hymenolepis_microstoma/HMIC001/ASSEMBLY_INFO
jacJac	51337	Jaculus jaculus	2012-11-14 10:16:18	vertebrates_mammals/Jaculus_jaculus/JacJac1.0/ASSEMBLY_INFO
ladFul	123851	Ladona fulva	2014-06-16 12:06:09	invertebrates/Ladona_fulva/Lful_1.0/ASSEMBLY_INFO
lasAlb	88501	Lasioglossum albipes	2014-06-16 12:06:09	invertebrates/Lasioglossum_albipes/ASM34657v1/ASSEMBLY_INFO
latCha	7897	Latimeria chalumnae	2012-11-14 10:16:19	vertebrates_other/Latimeria_chalumnae/LatCha1/ASSEMBLY_INFO
latCha	7897	Latimeria chalumnae	2014-04-08 10:23:08	vertebrates_other/Latimeria_chalumnae/LatCha_J1.0/ASSEMBLY_INFO
latHes	256737	Latrodectus hesperus	2014-06-16 12:06:09	invertebrates/Latrodectus_hesperus/Lhes_1.0/ASSEMBLY_INFO
lepDec	7539	Leptinotarsa decemlineata	2014-06-16 12:06:09	invertebrates/Leptinotarsa_decemlineata/Ldec_1.5/ASSEMBLY_INFO
lepDis	188344	Leptosomus discolor	2014-06-04 10:23:03	vertebrates_other/Leptosomus_discolor/ASM69178v1/ASSEMBLY_INFO
lepOcu	7918	Lepisosteus oculatus	2012-11-14 10:16:19	vertebrates_other/Lepisosteus_oculatus/LepOcu1/ASSEMBLY_INFO
lepWed	9713	Leptonychotes weddellii	2013-04-28 10:38:57	vertebrates_mammals/Leptonychotes_weddellii/LepWed1.0/ASSEMBLY_INFO
letCam	980415	Lethenteron camtschaticum	2013-09-17 10:23:03	vertebrates_other/Lethenteron_camtschaticum/LetJap1.0/ASSEMBLY_INFO
limLun	1218281	Limnephilus lunatus	2014-06-16 12:06:09	invertebrates/Limnephilus_lunatus/Llun_1.0/ASSEMBLY_INFO
limPol	6850	Limulus polyphemus	2014-06-16 12:06:09	invertebrates/Limulus_polyphemus/Limulus_polyphemus-2.1.2/ASSEMBLY_INFO
linHum	83485	Linepithema humile	2014-06-16 12:06:09	invertebrates/Linepithema_humile/Lhum_UMD_V04/ASSEMBLY_INFO
lipVex	118797	Lipotes vexillifer	2013-08-15 10:23:13	vertebrates_mammals/Lipotes_vexillifer/Lipotes_vexillifer_v1/ASSEMBLY_INFO
loaLoa	7209	Loa loa	2014-06-16 12:06:09	invertebrates/Loa_loa/Loa_loa_V3/ASSEMBLY_INFO
lotGig	225164	Lottia gigantea	2014-06-16 12:06:09	invertebrates/Lottia_gigantea/Helro1/ASSEMBLY_INFO
loxAfr	9785	Loxodonta africana	2012-11-14 10:16:18	vertebrates_mammals/Loxodonta_africana/Loxafr3.0/ASSEMBLY_INFO
loxAfr	9785	Loxodonta africana	2012-11-14 10:16:18	vertebrates_mammals/Loxodonta_africana/Loxafr3.0/ASSEMBLY_INFO.29Jul2009
lucCup	7375	Lucilia cuprina	2014-06-16 12:06:09	invertebrates/Lucilia_cuprina/Lcup_1.0/ASSEMBLY_INFO
lutLon	7200	Lutzomyia longipalpis	2014-06-16 12:06:09	invertebrates/Lutzomyia_longipalpis/Llon_1.0/ASSEMBLY_INFO
lytVar	7654	Lytechinus variegatus	2014-06-16 12:06:09	invertebrates/Lytechinus_variegatus/Lvar_0.4/ASSEMBLY_INFO
macEug	9315	Macropus eugenii	2012-11-14 10:16:18	vertebrates_mammals/Macropus_eugenii/Meug_1.1/ASSEMBLY_INFO
macFas	9541	Macaca fascicularis	2012-11-14 10:16:18	vertebrates_mammals/Macaca_fascicularis/CE_1.0/ASSEMBLY_INFO
macFas	9541	Macaca fascicularis	2012-11-14 10:16:18	vertebrates_mammals/Macaca_fascicularis/MacFas_Jun2011/ASSEMBLY_INFO
macFas	9541	Macaca fascicularis	2013-07-14 16:35:21	vertebrates_mammals/Macaca_fascicularis/Macaca_fascicularis_5.0/ASSEMBLY_INFO
rheMac	9544	Macaca mulatta	2012-11-14 10:16:18	vertebrates_mammals/Macaca_mulatta/CR_1.0/ASSEMBLY_INFO
manPen	143292	Manis pentadactyla	2014-08-13 10:23:11	vertebrates_mammals/Manis_pentadactyla/M_pentadactyla-1.1.1/ASSEMBLY_INFO
manSex	7130	Manduca sexta	2014-06-16 12:06:09	invertebrates/Manduca_sexta/Msex_1.0/ASSEMBLY_INFO
manVit	328815	Manacus vitellinus	2014-06-04 10:23:03	vertebrates_other/Manacus_vitellinus/ASM69201v1/ASSEMBLY_INFO
manVit	328815	Manacus vitellinus	2014-08-04 10:23:02	vertebrates_other/Manacus_vitellinus/ASM69201v2/ASSEMBLY_INFO
mayDes	39758	Mayetiola destructor	2014-06-16 12:06:09	invertebrates/Mayetiola_destructor/Mdes_1.0/ASSEMBLY_INFO
mayZeb	106582	Maylandia zebra	2012-11-14 10:16:19	vertebrates_other/Maylandia_zebra/MetZeb1.0/ASSEMBLY_INFO
mayZeb	106582	Maylandia zebra	2012-11-14 10:16:19	vertebrates_other/Maylandia_zebra/MetZeb1.1/ASSEMBLY_INFO
megLyr	9413	Megaderma lyra	2013-09-20 10:23:06	vertebrates_mammals/Megaderma_lyra/ASM46534v1/ASSEMBLY_INFO
megRot	143995	Megachile rotundata	2014-06-16 12:06:09	invertebrates/Megachile_rotundata/MROT_1.0/ASSEMBLY_INFO
melGal	9103	Meleagris gallopavo	2012-11-14 10:16:20	vertebrates_other/Meleagris_gallopavo/Turkey_2.01/ASSEMBLY_INFO
melUnd	13146	Melopsittacus undulatus	2012-11-14 10:16:20	vertebrates_other/Melopsittacus_undulatus/Melopsittacus_undulatus_6.3/ASSEMBLY_INFO
merNub	57421	Merops nubicus	2014-06-04 10:23:03	vertebrates_other/Merops_nubicus/ASM69184v1/ASSEMBLY_INFO
mesAur	10036	Mesocricetus auratus	2013-04-28 10:38:58	vertebrates_mammals/Mesocricetus_auratus/MesAur1.0/ASSEMBLY_INFO
mesUni	54374	Mesitornis unicolor	2014-06-04 10:23:03	vertebrates_other/Mesitornis_unicolor/ASM69576v1/ASSEMBLY_INFO
metOcc	34638	Metaseiulus occidentalis	2014-06-16 12:06:09	invertebrates/Metaseiulus_occidentalis/Mocc_1.0/ASSEMBLY_INFO
micDem	69319	Microplitis demolitor	2014-06-16 12:06:09	invertebrates/Microplitis_demolitor/Mdem1/ASSEMBLY_INFO
micOch	79684	Microtus ochrogaster	2012-12-13 16:22:47	vertebrates_mammals/Microtus_ochrogaster/MicOch1.0/ASSEMBLY_INFO
mneLei	27923	Mnemiopsis leidyi	2014-06-16 12:06:09	invertebrates/Mnemiopsis_leidyi/MneLei_Aug2011/ASSEMBLY_INFO
musDom	7370	Musca domestica	2014-06-16 12:06:09	invertebrates/Musca_domestica/Musca_domestica-2.0.2/ASSEMBLY_INFO
mm	10090	Mus musculus	2012-11-14 10:16:18	vertebrates_mammals/Mus_musculus/GRCm38.p1/ASSEMBLY_INFO
mm	10090	Mus musculus	2012-11-14 10:16:18	vertebrates_mammals/Mus_musculus/GRCm38/ASSEMBLY_INFO
mm	10090	Mus musculus	2012-11-14 10:16:18	vertebrates_mammals/Mus_musculus/MGSCv37/ASSEMBLY_INFO
mm	10090	Mus musculus	2012-11-14 10:16:18	vertebrates_mammals/Mus_musculus/MmusALLPATHS1/ASSEMBLY_INFO
mm	10090	Mus musculus	2012-11-14 10:16:18	vertebrates_mammals/Mus_musculus/MmusALLPATHS2/ASSEMBLY_INFO
mm	10090	Mus musculus	2012-11-14 10:16:18	vertebrates_mammals/Mus_musculus/MmusSOAP1/ASSEMBLY_INFO
mm	10090	Mus musculus	2013-03-15 14:53:09	vertebrates_mammals/Mus_musculus/GRCm38.p2/ASSEMBLY_INFO
mm	10090	Mus musculus	2013-04-28 10:38:58	vertebrates_mammals/Mus_musculus/mm129svJae1.0/ASSEMBLY_INFO
mm	10090	Mus musculus	2013-06-08 13:19:06	vertebrates_mammals/Mus_musculus/MSM_WGSv1/ASSEMBLY_INFO
mm	10090	Mus musculus	2014-03-24 10:23:05	vertebrates_mammals/Mus_musculus/GRCm38.p3/ASSEMBLY_INFO
musFur	9669	Mustela putorius furo	2012-11-14 10:16:18	vertebrates_mammals/Mustela_putorius/MusPutFur1.0/ASSEMBLY_INFO
musFur	9669	Mustela putorius furo	2012-11-14 10:16:18	vertebrates_mammals/Mustela_putorius/MusPutFurMale1.0/ASSEMBLY_INFO
myoBra	109478	Myotis brandtii	2013-07-14 16:35:24	vertebrates_mammals/Myotis_brandtii/ASM41265v1/ASSEMBLY_INFO
myoDav	225400	Myotis davidii	2013-01-03 06:25:12	vertebrates_mammals/Myotis_davidii/ASM32734v1/ASSEMBLY_INFO
myoLuc	59463	Myotis lucifugus	2012-11-14 10:16:18	vertebrates_mammals/Myotis_lucifugus/Myoluc2.0/ASSEMBLY_INFO
nanGal	1026970	Nannospalax galili	2014-06-06 10:23:06	vertebrates_mammals/Nannospalax_galili/S.galili_v1.0/ASSEMBLY_INFO
nasGir	7426	Nasonia giraulti	2014-06-16 12:06:09	invertebrates/Nasonia_giraulti/Ngir_1.0/ASSEMBLY_INFO
nasLon	7427	Nasonia longicornis	2014-06-16 12:06:09	invertebrates/Nasonia_longicornis/Nlon_1.0/ASSEMBLY_INFO
nasVit	7425	Nasonia vitripennis	2014-06-16 12:06:09	invertebrates/Nasonia_vitripennis/Nvit_2.0/ASSEMBLY_INFO
nasVit	7425	Nasonia vitripennis	2014-06-16 12:06:09	invertebrates/Nasonia_vitripennis/Nvit_2.1/ASSEMBLY_INFO
necAme	51031	Necator americanus	2014-06-16 12:06:09	invertebrates/Necator_americanus/N_americanus_v1/ASSEMBLY_INFO
neoBri	32507	Neolamprologus brichardi	2012-11-14 10:16:20	vertebrates_other/Neolamprologus_brichardi/NeoBri1.0/ASSEMBLY_INFO
nipNip	128390	Nipponia nippon	2014-06-17 10:23:06	vertebrates_other/Nipponia_nippon/ASM70822v1/ASSEMBLY_INFO
nomLeu	61853	Nomascus leucogenys	2012-11-14 10:16:18	vertebrates_mammals/Nomascus_leucogenys/Nleu1.0/ASSEMBLY_INFO
nomLeu	61853	Nomascus leucogenys	2012-11-14 10:16:18	vertebrates_mammals/Nomascus_leucogenys/Nleu1.1/ASSEMBLY_INFO
nomLeu	61853	Nomascus leucogenys	2013-01-03 06:25:12	vertebrates_mammals/Nomascus_leucogenys/Nleu_3.0/ASSEMBLY_INFO
notCor	8208	Notothenia coriiceps	2014-07-30 10:23:07	vertebrates_other/Notothenia_coriiceps/NC01/ASSEMBLY_INFO
ochPri	9978	Ochotona princeps	2012-11-14 10:16:18	vertebrates_mammals/Ochotona_princeps/OchPri3.0/ASSEMBLY_INFO
octDeg	10160	Octodon degus	2012-11-14 10:16:18	vertebrates_mammals/Octodon_degus/OctDeg1.0/ASSEMBLY_INFO
odoRosDiv	9708	Odobenus rosmarus divergens	2013-02-21 23:30:07	vertebrates_mammals/Odobenus_rosmarus/Oros_1.0/ASSEMBLY_INFO
oncFas	7536	Oncopeltus fasciatus	2014-06-16 12:06:09	invertebrates/Oncopeltus_fasciatus/Ofas_1.0/ASSEMBLY_INFO
oncVol	6282	Onchocerca volvulus	2014-06-16 12:06:09	invertebrates/Onchocerca_volvulus/OVOC001/ASSEMBLY_INFO
ontTau	166361	Onthophagus taurus	2014-06-16 12:06:09	invertebrates/Onthophagus_taurus/Otau_1.0/ASSEMBLY_INFO
opiHoa	30419	Opisthocomus hoazin	2014-06-04 10:23:03	vertebrates_other/Opisthocomus_hoazin/ASM69207v1/ASSEMBLY_INFO
orcOrc	9733	Orcinus orca	2014-04-08 10:23:43	vertebrates_mammals/Orcinus_orca/Oorc_1.1/ASSEMBLY_INFO
orcOrc	9733	Orcinus orca	2014-04-08 10:23:43	vertebrates_mammals/Orcinus_orca/Oorc_1.1_old/ASSEMBLY_INFO
oreNil	8128	Oreochromis niloticus	2012-11-14 10:16:20	vertebrates_other/Oreochromis_niloticus/Orenil1.0/ASSEMBLY_INFO
oreNil	8128	Oreochromis niloticus	2012-11-14 10:16:20	vertebrates_other/Oreochromis_niloticus/Orenil1.1/ASSEMBLY_INFO
oruAbi	222816	Orussus abietinus	2014-06-16 12:06:09	invertebrates/Orussus_abietinus/Oabi_1.0/ASSEMBLY_INFO
oryAfe	1230840	Orycteropus afer afer	2012-11-14 10:16:18	vertebrates_mammals/Orycteropus_afer/OryAfe1.0/ASSEMBLY_INFO
oryCun	9986	Oryctolagus cuniculus	2012-11-14 10:16:18	vertebrates_mammals/Oryctolagus_cuniculus/OryCun2.0/ASSEMBLY_INFO
oryLat	8090	Oryzias latipes	2012-11-27 16:30:43	vertebrates_other/Oryzias_latipes/ASM15182v1/ASSEMBLY_INFO
oryLat	8090	Oryzias latipes	2012-11-27 16:30:46	vertebrates_other/Oryzias_latipes/ASM31367v1/ASSEMBLY_INFO
otoGar	30611	Otolemur garnettii	2012-11-14 10:16:18	vertebrates_mammals/Otolemur_garnettii/OtoGar2/ASSEMBLY_INFO
otoGar	30611	Otolemur garnettii	2012-11-14 10:16:18	vertebrates_mammals/Otolemur_garnettii/OtoGar3/ASSEMBLY_INFO
oviAri	9940	Ovis aries	2012-11-14 10:16:18	vertebrates_mammals/Ovis_aries/Oar_v3.1/ASSEMBLY_INFO
oviAri	9940	Ovis aries	2012-11-14 10:16:19	vertebrates_mammals/Ovis_aries/Ovis_aries_1.0/ASSEMBLY_INFO
pacVen	38123	Pachypsylla venusta	2014-06-16 12:06:09	invertebrates/Pachypsylla_venusta/Pven_1.0/ASSEMBLY_INFO
panHod	59538	Pantholops hodgsonii	2013-06-08 13:19:06	vertebrates_mammals/Pantholops_hodgsonii/PHO1.0/ASSEMBLY_INFO
panPan	9597	Pan paniscus	2012-11-14 10:16:19	vertebrates_mammals/Pan_paniscus/panpan1/ASSEMBLY_INFO
panRed	6233	Panagrellus redivivus	2014-06-16 12:06:09	invertebrates/Panagrellus_redivivus/Pred3/ASSEMBLY_INFO
panTig	74533	Panthera tigris altaica	2013-09-09 10:23:05	vertebrates_mammals/Panthera_tigris/PanTig1.0/ASSEMBLY_INFO
panTro	9598	Pan troglodytes	2012-11-14 10:16:19	vertebrates_mammals/Pan_troglodytes/Pan_troglodytes-2.1.3/ASSEMBLY_INFO
panTro	9598	Pan troglodytes	2012-11-14 10:16:19	vertebrates_mammals/Pan_troglodytes/Pan_troglodytes-2.1.4/ASSEMBLY_INFO
papAnu	9555	Papio anubis	2012-11-14 10:16:19	vertebrates_mammals/Papio_anubis/Panu_2.0/ASSEMBLY_INFO
parTep	114398	Parasteatoda tepidariorum	2014-06-16 12:06:09	invertebrates/Parasteatoda_tepidariorum/Ptep_1.0/ASSEMBLY_INFO
patMin	46514	Patiria miniata	2014-06-16 12:06:09	invertebrates/Patiria_miniata/Pmin_1.0/ASSEMBLY_INFO
pelCri	36300	Pelecanus crispus	2014-06-04 10:23:03	vertebrates_other/Pelecanus_crispus/ASM68737v1/ASSEMBLY_INFO
pelSin	13735	Pelodiscus sinensis	2012-11-14 10:16:20	vertebrates_other/Pelodiscus_sinensis/PelSin_1.0/ASSEMBLY_INFO
perManBai	230844	Peromyscus maniculatus bairdii	2013-12-06 10:23:20	vertebrates_mammals/Peromyscus_maniculatus/Pman_1.0/ASSEMBLY_INFO
petMar	7757	Petromyzon marinus	2012-11-14 10:16:20	vertebrates_other/Petromyzon_marinus/Petromyzon_marinus-7.0/ASSEMBLY_INFO
phaCar	9209	Phalacrocorax carbo	2014-06-18 10:23:16	vertebrates_other/Phalacrocorax_carbo/ASM70892v1/ASSEMBLY_INFO
phaLep	97097	Phaethon lepturus	2014-06-04 10:23:03	vertebrates_other/Phaethon_lepturus/ASM68728v1/ASSEMBLY_INFO
phlPap	29031	Phlebotomus papatasi	2014-06-16 12:06:09	invertebrates/Phlebotomus_papatasi/Ppap_1.0/ASSEMBLY_INFO
phoRub	9218	Phoenicopterus ruber ruber	2014-06-04 10:23:03	vertebrates_other/Phoenicopterus_ruber/ASM68726v1/ASSEMBLY_INFO
phyCat	9755	Physeter catodon	2013-10-04 10:23:06	vertebrates_mammals/Physeter_catodon/Physeter_macrocephalus-2.0.2/ASSEMBLY_INFO
picPub	118200	Picoides pubescens	2014-06-09 10:23:03	vertebrates_other/Picoides_pubescens/ASM69900v1/ASSEMBLY_INFO
pluXyl	51655	Plutella xylostella	2014-06-16 12:06:09	invertebrates/Plutella_xylostella/DBM_FJ_V1.1/ASSEMBLY_INFO
poeFor	48698	Poecilia formosa	2013-10-31 10:23:03	vertebrates_other/Poecilia_formosa/Poecilia_formosa-5.1.2/ASSEMBLY_INFO
poeRet	8081	Poecilia reticulata	2014-04-25 10:23:11	vertebrates_other/Poecilia_reticulata/Guppy_female_1.0/ASSEMBLY_INFO
poeRet	8081	Poecilia reticulata	2014-05-08 10:23:04	vertebrates_other/Poecilia_reticulata/Guppy_female_1.0_MT/ASSEMBLY_INFO
pogBar	144034	Pogonomyrmex barbatus	2014-06-16 12:06:09	invertebrates/Pogonomyrmex_barbatus/Pbar_UMD_V03/ASSEMBLY_INFO
priCau	37621	Priapulus caudatus	2014-06-16 12:06:09	invertebrates/Priapulus_caudatus/Priapulus_caudatus-4.0.1/ASSEMBLY_INFO
pseHum	181119	Pseudopodoces humilis	2013-02-21 23:30:07	vertebrates_other/Pseudopodoces_humilis/PseHum1.0/ASSEMBLY_INFO
pteAle	9402	Pteropus alecto	2013-01-03 06:25:13	vertebrates_mammals/Pteropus_alecto/ASM32557v1/ASSEMBLY_INFO
pteGut	240206	Pterocles gutturalis	2014-06-10 10:23:04	vertebrates_other/Pterocles_gutturalis/ASM69924v1/ASSEMBLY_INFO
ptePar	59476	Pteronotus parnellii	2013-09-20 10:23:07	vertebrates_mammals/Pteronotus_parnellii/ASM46540v1/ASSEMBLY_INFO
punNye	303518	Pundamilia nyererei	2012-11-14 10:16:20	vertebrates_other/Pundamilia_nyererei/PunNye1.0/ASSEMBLY_INFO
pygAde	9238	Pygoscelis adeliae	2014-06-09 10:23:03	vertebrates_other/Pygoscelis_adeliae/ASM69910v1/ASSEMBLY_INFO
pytBiv	176946	Python bivittatus	2013-09-19 10:23:06	vertebrates_other/Python_bivittatus/Python_molurus_bivittatus-5.0.2/ASSEMBLY_INFO
rn	10116	Rattus norvegicus	2012-11-14 10:16:19	vertebrates_mammals/Rattus_norvegicus/Rnor_5.0/ASSEMBLY_INFO
rhiFer	59479	Rhinolophus ferrumequinum	2013-09-19 10:23:10	vertebrates_mammals/Rhinolophus_ferrumequinum/ASM46549v1/ASSEMBLY_INFO
rhoPro	13249	Rhodnius prolixus	2014-06-16 12:06:09	invertebrates/Rhodnius_prolixus/Rhodnius_prolixus-3.0.1/ASSEMBLY_INFO
sacKow	10224	Saccoglossus kowalevskii	2014-06-16 12:06:09	invertebrates/Saccoglossus_kowalevskii/Skow_1.1/ASSEMBLY_INFO
saiBol	39432	Saimiri boliviensis boliviensis	2012-11-14 10:16:19	vertebrates_mammals/Saimiri_boliviensis/SaiBol1.0/ASSEMBLY_INFO
salRos	946362	Salpingoeca sp. ATCC 50818	2014-06-16 12:06:09	invertebrates/Salpingoeca_sp._ATCC_50818/Proterospongia_sp_ATCC50818/ASSEMBLY_INFO
sarHar	9305	Sarcophilus harrisii	2012-11-14 10:16:19	vertebrates_mammals/Sarcophilus_harrisii/Devil_CABOG_asm.06/ASSEMBLY_INFO
sarHar	9305	Sarcophilus harrisii	2012-11-14 10:16:19	vertebrates_mammals/Sarcophilus_harrisii/Devil_ref_v7.0/ASSEMBLY_INFO
schHae	6185	Schistosoma haematobium	2014-06-16 12:06:09	invertebrates/Schistosoma_haematobium/SchHae_1.0/ASSEMBLY_INFO
schMan	6183	Schistosoma mansoni	2014-06-16 12:06:09	invertebrates/Schistosoma_mansoni/ASM23792v2/ASSEMBLY_INFO
schMed	79327	Schmidtea mediterranea	2014-06-16 12:06:09	invertebrates/Schmidtea_mediterranea/S2F2/ASSEMBLY_INFO
schMed	79327	Schmidtea mediterranea	2014-06-16 12:06:09	invertebrates/Schmidtea_mediterranea/SmedAsxl_v1.1/ASSEMBLY_INFO
sebNig	72089	Sebastes nigrocinctus	2013-10-31 10:23:03	vertebrates_other/Sebastes_nigrocinctus/Snig1.0/ASSEMBLY_INFO
sebRub	72099	Sebastes rubrivinctus	2013-10-31 10:23:03	vertebrates_other/Sebastes_rubrivinctus/SRub1.0/ASSEMBLY_INFO
serCan	9135	Serinus canaria	2014-02-05 10:23:03	vertebrates_other/Serinus_canaria/SCA1/ASSEMBLY_INFO
solInv	13686	Solenopsis invicta	2014-06-16 12:06:09	invertebrates/Solenopsis_invicta/Si_gnG/ASSEMBLY_INFO
sorAra	42254	Sorex araneus	2012-11-14 10:16:19	vertebrates_mammals/Sorex_araneus/SorAra2.0/ASSEMBLY_INFO
speTri	43179	Spermophilus tridecemlineatus	2012-11-14 10:16:19	vertebrates_mammals/Spermophilus_tridecemlineatus/SpeTri2.0/ASSEMBLY_INFO
steMim	407821	Stegodyphus mimosarum	2014-06-16 12:06:09	invertebrates/Stegodyphus_mimosarum/Stegodyphus_mimosarum_v1/ASSEMBLY_INFO
steMon	90984	Steinernema monticolum	2014-06-16 12:06:09	invertebrates/Steinernema_monticolum/S_monti_v1/ASSEMBLY_INFO
stePar	144197	Stegastes partitus	2014-06-04 10:23:03	vertebrates_other/Stegastes_partitus/Stegastes_partitus-1.0.2/ASSEMBLY_INFO
strCam	441894	Struthio camelus australis	2014-06-09 10:23:03	vertebrates_other/Struthio_camelus/ASM69896v1/ASSEMBLY_INFO
strMar	126957	Strigamia maritima	2014-06-16 12:06:09	invertebrates/Strigamia_maritima/Smar_1.0/ASSEMBLY_INFO
strPur	7668	Strongylocentrotus purpuratus	2014-06-16 12:06:09	invertebrates/Strongylocentrotus_purpuratus/Spur_2.6/ASSEMBLY_INFO
strPur	7668	Strongylocentrotus purpuratus	2014-06-16 12:06:09	invertebrates/Strongylocentrotus_purpuratus/Spur_3.1/ASSEMBLY_INFO
susScr	9823	Sus scrofa	2012-11-14 10:16:19	vertebrates_mammals/Sus_scrofa/Sscrofa9/ASSEMBLY_INFO
susScr	9823	Sus scrofa	2012-11-14 10:16:19	vertebrates_mammals/Sus_scrofa/Sscrofa10.2/ASSEMBLY_INFO
susScr	9823	Sus scrofa	2012-11-14 10:16:19	vertebrates_mammals/Sus_scrofa/Sscrofa10/ASSEMBLY_INFO
susScr	9823	Sus scrofa	2012-11-14 10:16:19	vertebrates_mammals/Sus_scrofa/Sscrofa9.2/ASSEMBLY_INFO
taeGut	59729	Taeniopygia guttata	2013-02-21 23:30:07	vertebrates_other/Taeniopygia_guttata/Taeniopygia_guttata-3.2.4/ASSEMBLY_INFO
takFla	433684	Takifugu flavidus	2013-06-08 13:19:06	vertebrates_other/Takifugu_flavidus/version_1_of_Takifugu_flavidus_genome/ASSEMBLY_INFO
fr	31033	Takifugu rubripes	2012-11-14 10:16:20	vertebrates_other/Takifugu_rubripes/FUGU5/ASSEMBLY_INFO
tarSyr	9478	Tarsius syrichta	2013-09-19 10:23:10	vertebrates_mammals/Tarsius_syrichta/Tarsius_syrichta-2.0.1/ASSEMBLY_INFO
tauEry	121530	Tauraco erythrolophus	2014-06-26 10:23:03	vertebrates_other/Tauraco_erythrolophus/ASM70936v1/ASSEMBLY_INFO
tetUrt	32264	Tetranychus urticae	2014-06-16 12:06:09	invertebrates/Tetranychus_urticae/ASM23943v1/ASSEMBLY_INFO
tinGut	94827	Tinamus guttatus	2014-06-26 10:23:03	vertebrates_other/Tinamus_guttatus/ASM70537v1/ASSEMBLY_INFO
tinGut	94827	Tinamus guttatus	2014-08-06 10:23:13	vertebrates_other/Tinamus_guttatus/ASM70537v2/ASSEMBLY_INFO
triMan	127582	Trichechus manatus latirostris	2012-11-14 10:16:19	vertebrates_mammals/Trichechus_manatus/TriManLat1.0/ASSEMBLY_INFO
triMur	70415	Trichuris muris	2014-06-16 12:06:09	invertebrates/Trichuris_muris/TMUE2.2/ASSEMBLY_INFO
triPre	7493	Trichogramma pretiosum	2014-06-16 12:06:09	invertebrates/Trichogramma_pretiosum/Tpre_1.0/ASSEMBLY_INFO
triSpi	6334	Trichinella spiralis	2014-06-16 12:06:09	invertebrates/Trichinella_spiralis/Trichinella_spiralis-3.7.1/ASSEMBLY_INFO
triTri	36087	Trichuris trichiura	2014-06-16 12:06:09	invertebrates/Trichuris_trichiura/TTRE2.1/ASSEMBLY_INFO
tupChi	246437	Tupaia chinensis	2013-02-21 23:30:07	vertebrates_mammals/Tupaia_chinensis/TupChi_1.0/ASSEMBLY_INFO
turTru	9739	Tursiops truncatus	2012-11-14 10:16:19	vertebrates_mammals/Tursiops_truncatus/Ttru_1.4/ASSEMBLY_INFO
tytAlb	56313	Tyto alba	2014-06-04 10:23:03	vertebrates_other/Tyto_alba/ASM68720v1/ASSEMBLY_INFO
ursMar	29073	Ursus maritimus	2014-06-04 10:23:07	vertebrates_mammals/Ursus_maritimus/UrsMar_1.0/ASSEMBLY_INFO
vicPac	30538	Vicugna pacos	2013-10-18 10:23:06	vertebrates_mammals/Vicugna_pacos/Vicugna_pacos-2.0.1/ASSEMBLY_INFO
xenTro	8364	Xenopus (Silurana) tropicalis	2012-11-14 10:16:20	vertebrates_other/Xenopus_tropicalis/v4.2/ASSEMBLY_INFO
xenTro	8364	Xenopus (Silurana) tropicalis	2013-01-03 06:25:15	vertebrates_other/Xenopus_tropicalis/Xtropicalis_v7/ASSEMBLY_INFO
xipMac	8083	Xiphophorus maculatus	2012-11-14 10:16:20	vertebrates_other/Xiphophorus_maculatus/Xiphophorus_maculatus-4.4.2/ASSEMBLY_INFO
zonAlb	44394	Zonotrichia albicollis	2013-06-08 13:19:06	vertebrates_other/Zonotrichia_albicollis/ASM38545v1/ASSEMBLY_INFO
zonAlb	44394	Zonotrichia albicollis	2013-06-08 13:19:06	vertebrates_other/Zonotrichia_albicollis/Zonotrichia_albicollis-1.0.1/ASSEMBLY_INFO
zooNev	136037	Zootermopsis nevadensis	2014-06-16 12:06:09	invertebrates/Zootermopsis_nevadensis/ZooNev1.0/ASSEMBLY_INFO
